{"cameraMode":{"drawMode":0,"name":"Shaded","section":"Shading Mode"},"sceneLighting":false,"audioPlay":false,"sceneViewState":{"showFog":true,"showMaterialUpdate":false,"showSkybox":false,"showFlares":true,"showImageEffects":true,"showParticleSystems":true},"in2DMode":false,"pivot":{"x":-8.73171615600586,"y":-0.7974210381507874,"z":-26.668054580688478},"rotation":{"x":-0.07859452068805695,"y":0.11339165270328522,"z":0.009001445956528187,"w":0.9904006719589233},"size":28.860782623291017,"orthographic":false}