{"cameraMode":{"drawMode":0,"name":"Shaded","section":"Shading Mode"},"sceneLighting":true,"audioPlay":false,"sceneViewState":{"showFog":true,"showMaterialUpdate":false,"showSkybox":true,"showFlares":true,"showImageEffects":true,"showParticleSystems":true},"in2DMode":false,"pivot":{"x":7.237716197967529,"y":10.088980674743653,"z":-19.327768325805665},"rotation":{"x":-0.003302952041849494,"y":0.06355439126491547,"z":-0.00021019192354287952,"w":-0.9979734420776367},"size":21.74440574645996,"orthographic":false}