{"cameraMode":{"drawMode":0,"name":"Shaded","section":"Shading Mode"},"sceneLighting":true,"audioPlay":false,"sceneViewState":{"showFog":true,"showMaterialUpdate":false,"showSkybox":true,"showFlares":true,"showImageEffects":true,"showParticleSystems":true},"in2DMode":false,"pivot":{"x":113.80320739746094,"y":-99.23007202148438,"z":116.8821792602539},"rotation":{"x":-0.2679223120212555,"y":-0.32099199295043948,"z":0.09519775956869126,"w":-0.9033957123756409},"size":233.5120391845703,"orthographic":false}