{"cameraMode":{"drawMode":0,"name":"Shaded","section":"Shading Mode"},"sceneLighting":true,"audioPlay":false,"sceneViewState":{"showFog":true,"showMaterialUpdate":false,"showSkybox":true,"showFlares":true,"showImageEffects":true,"showParticleSystems":true},"in2DMode":false,"pivot":{"x":-274.9922180175781,"y":27.750274658203126,"z":232.03004455566407},"rotation":{"x":0.027726471424102784,"y":-0.40346667170524599,"z":0.0122327646240592,"w":0.9144933819770813},"size":490.0797424316406,"orthographic":false}